return_id,order_id,return_date,reason
1,6,2025-01-02,Opportunity reflect camera start.
2,12,2024-08-30,Language hold three hear name.
3,15,2024-09-30,Whatever reality middle car assume.
4,16,2024-10-05,Without amount million share though dark cover.
5,22,2024-09-02,Old security feel manager.
6,23,2024-09-08,Act young business adult message almost.
7,35,2025-03-07,Generation task report prove.
8,37,2025-03-20,Window support hospital light direction when.
9,39,2025-05-24,Community stock environment choose husband career purpose.
10,41,2024-11-11,Appear evening group purpose change.
11,48,2025-06-06,Mr commercial design nearly while for.
12,50,2025-04-28,Try material crime ground.
13,52,2025-02-15,Prove nice pick customer painting popular article.
14,54,2025-01-17,Media generation experience exactly responsibility sea all.
15,55,2024-08-13,Believe door behind together matter very serious.
16,57,2024-07-15,Management television provide thing star music pass part.
17,58,2025-03-15,Ask place true agree accept.
18,60,2025-04-22,Peace treat suddenly maintain.
19,61,2025-01-31,Deal sometimes program toward.
20,63,2025-04-09,Street phone happy region approach sea.
21,67,2024-10-04,Tell response source state property kind respond.
22,72,2025-01-14,Increase staff recently than food particular.
23,75,2025-06-01,Member very fly interest parent magazine inside seat.
24,79,2024-08-06,Back heavy notice suddenly.
25,87,2024-08-19,Capital keep early specific.
26,89,2025-04-13,After seat describe threat material talk at leave.
27,90,2025-03-13,Billion suffer place likely situation event.
28,91,2024-11-10,Step dinner recognize thousand city sense.
29,102,2024-09-30,Yourself stay husband and three.
30,105,2024-08-30,Same agent do quality cold ability chair.
31,106,2024-12-08,Their tonight type local majority traditional night.
32,108,2024-12-22,Believe statement doctor.
33,112,2024-11-10,Child blue answer decide great agree consider.
34,116,2024-07-29,Face us sea eye do sing.
35,117,2025-03-15,Energy save like thought.
36,118,2025-01-19,Player inside dark analysis.
37,119,2024-08-05,Attorney black small go.
38,122,2024-10-31,Simple eat bit begin reduce popular.
39,125,2024-11-28,Business notice mission.
40,126,2025-03-02,With social buy.
41,133,2024-11-17,Relate none body.
42,135,2024-09-19,Lose reach local hand hot range value.
43,136,2024-11-25,Main few tree drop trial.
44,138,2025-05-18,Outside lose since social program car lose.
45,142,2024-09-19,Million you including amount.
46,143,2025-02-05,Believe continue discussion play long continue.
47,144,2025-03-04,Interesting art million section strong.
48,145,2025-02-11,Behavior ability standard other owner.
49,148,2025-02-07,Candidate leader instead common.
50,150,2024-07-26,Agree good travel stock project.
51,151,2024-08-04,Everything nor attention dark.
52,155,2024-09-12,Travel notice camera.
53,157,2025-02-07,Report bed poor challenge describe.
54,158,2025-04-17,Discuss room it computer.
55,160,2025-05-02,Expect look score gun.
56,162,2025-01-15,Class around firm return school natural.
57,167,2025-04-28,Music possible cause fight.
58,168,2025-02-10,Either there design far source wear.
59,171,2025-06-23,Crime none during maybe Democrat.
60,175,2025-05-11,Seem house ahead.
61,181,2025-07-14,Pick room various maybe business cost generation.
62,186,2024-10-14,Issue staff necessary glass sea.
63,187,2025-06-26,Guess several wonder modern however.
64,188,2025-01-24,Him of idea.
65,191,2024-11-15,Tonight rather actually agree.
66,197,2024-10-18,Choice entire where business stage.
67,198,2024-12-02,Decision myself industry late.
68,200,2025-03-31,Year much area program window.
69,201,2024-07-31,Another impact picture in.
70,204,2025-07-29,Yes hundred beautiful ok kitchen.
71,206,2025-01-15,Clear until arm federal.
72,214,2024-09-29,Meet responsibility way any old move.
73,217,2025-04-11,State box nothing church onto.
74,224,2024-10-02,Bank sound box season.
75,228,2025-05-03,Time throughout plant cost model away might.
76,229,2025-03-18,Before might forget poor southern effect.
77,230,2025-03-29,Idea will final consumer item true main.
78,234,2024-09-24,Traditional I enter national strong prove make body.
79,235,2025-02-10,Base evidence send should pretty answer.
80,236,2024-12-08,Management together best deal though three him little.
81,240,2025-02-02,Meet computer early send president.
82,248,2024-11-26,Whom officer size PM ability training stay side.
83,250,2024-09-16,Small it sometimes.
84,255,2024-12-16,Part protect hospital Republican.
85,256,2025-02-11,Senior drop seek either.
86,257,2025-04-13,Forget north for position blood through.
87,258,2025-01-24,Million city as along action couple thank.
88,262,2025-05-21,Response address public not.
89,263,2024-08-05,Relate exactly true.
90,270,2024-11-01,Skin personal recognize then few have recently.
91,273,2024-09-02,Sometimes story even attack hard fly couple.
92,276,2024-11-01,Paper never must certainly.
93,279,2024-10-02,Song service state gun heart off.
94,280,2024-10-16,Front friend raise.
95,284,2025-05-13,White note or series quality.
96,285,2024-08-23,Special consider institution appear upon.
97,287,2024-10-23,Ground relationship option leader best.
98,291,2024-11-26,Season method white chair.
99,292,2024-11-29,Car feeling now form computer us hair.
100,293,2024-10-19,Message way chance must cost available.
101,296,2025-02-11,Hot nor tough reveal southern ahead phone.
102,297,2024-11-11,School fire from process follow ten carry.
103,298,2024-10-09,Any a especially leave pull change bed.
104,303,2024-11-13,Growth base fight issue.
105,304,2025-06-12,Side fill level outside throughout push she.
106,305,2025-02-08,Learn spend night well any computer recognize.
107,307,2025-01-08,Want music quality southern hour street.
108,311,2025-06-09,Response project avoid system region international really.
109,312,2025-05-01,Both game than.
110,313,2024-07-18,Effort church little five.
111,327,2024-10-28,Nature team free line become player agree if.
112,330,2025-03-10,Size kitchen choose send democratic.
113,332,2024-11-24,President similar child his stand forget.
114,336,2024-12-05,List behavior night.
115,345,2024-11-21,Able standard quickly fly explain near write.
116,346,2025-05-02,Any few group tend.
117,352,2024-11-21,Wait budget blue event relationship.
118,353,2024-07-16,Let entire position prepare apply technology.
119,354,2025-07-03,Build administration themselves crime.
120,366,2024-12-04,Spring task car recognize shoulder cover also fear.
121,372,2025-04-19,North water prepare anyone air usually support business.
122,376,2025-03-09,Throughout also receive next onto maintain say.
123,377,2025-07-25,Summer black experience marriage from firm begin.
124,378,2024-12-31,Firm smile art official entire.
125,380,2025-04-17,Beat choose someone walk.
126,381,2025-05-30,Determine miss order rest go TV arrive nothing.
127,382,2025-02-14,Smile meeting think southern red life loss husband.
128,383,2024-12-16,Focus suddenly system learn.
129,384,2025-01-27,Everybody foot learn thought trade.
130,386,2025-04-17,Girl your responsibility go Congress point go.
131,390,2024-12-28,Try yard after step her next face.
132,391,2025-03-23,Benefit star present boy art maintain.
133,392,2024-11-14,Beat court church budget everybody.
134,393,2024-10-23,Hold four assume nature civil end miss.
135,394,2024-07-23,Support candidate husband finish.
136,397,2025-02-24,Final subject difference realize.
